{
  "hosting": {
    "public": "dist/public",
    "ignore": ["firebase.json", "**/.*", "**/node_modules/**"],
    "headers": [
      {
        "source": "**/*",
        "headers": [
          {
            "key": "cache-control",
            "value": "cache-control: public, max-age=0, must-revalidate"
          }
        ]
      },
      {
        "source": "static/**",
        "headers": [
          {
            "key": "cache-control",
            "value": "public, max-age=31536000, immutable"
          }
        ]
      },
      {
        "source": "**/*.@(css|js)",
        "headers": [
          {
            "key": "cache-control",
            "value": "public, max-age=31536000, immutable"
          }
        ]
      },
      {
        "source": "sw.js",
        "headers": [
          {
            "key": "cache-control",
            "value": "cache-control: public, max-age=0, must-revalidate"
          }
        ]
      },
      {
        "source": "page-data/**",
        "headers": [
          {
            "key": "cache-control",
            "value": "cache-control: public, max-age=0, must-revalidate"
          }
        ]
      }
    ]
  }
}
